Workbook

Sheet Facility
A1: ID | B1: Name
A2: 1 | B2: São Romão | D2: ="INSERT INTO StationType (id, description) VALUES (1, 'Freight yards');" -> INSERT INTO StationType (id, description) VALUES (1, 'Freight yards');
A3: 2 | B3: Tamel | D3: ="INSERT INTO StationType (id, description) VALUES (2, 'Stations');" -> INSERT INTO StationType (id, description) VALUES (2, 'Stations');
A4: 3 | B4: Senhora das Dores | D4: ="INSERT INTO StationType (id, description) VALUES (3, 'Terminals');" -> INSERT INTO StationType (id, description) VALUES (3, 'Terminals');
A5: 4 | B5: Lousado
A6: 5 | B6: Porto Campanhã
A7: 6 | B7: Leandro | D7: ="INSERT INTO Station (idStation, nameStation, stationTypeId) VALUES ("&A2&", '"&B2&"',1);" -> INSERT INTO Station (idStation, nameStation, stationTypeId) VALUES (1, 'São Romão',1);
A8: 7 | B8: Porto São Bento | D8: ="INSERT INTO Station (idStation, nameStation, stationTypeId) VALUES ("&A3&", '"&B3&"',1);" -> INSERT INTO Station (idStation, nameStation, stationTypeId) VALUES (2, 'Tamel',1);
A9: 8 | B9: Barcelos | D9: ="INSERT INTO Station (idStation, nameStation, stationTypeId) VALUES ("&A4&", '"&B4&"',1);" -> INSERT INTO Station (idStation, nameStation, stationTypeId) VALUES (3, 'Senhora das Dores',1);
A10: 9 | B10: Vila Nova da Cerveira | D10: ="INSERT INTO Station (idStation, nameStation, stationTypeId) VALUES ("&A5&", '"&B5&"',1);" -> INSERT INTO Station (idStation, nameStation, stationTypeId) VALUES (4, 'Lousado',1);
A11: 10 | B11: Midões | D11: ="INSERT INTO Station (idStation, nameStation, stationTypeId) VALUES ("&A6&", '"&B6&"',1);" -> INSERT INTO Station (idStation, nameStation, stationTypeId) VALUES (5, 'Porto Campanhã',1);
A12: 11 | B12: Valença | D12: ="INSERT INTO Station (idStation, nameStation, stationTypeId) VALUES ("&A7&", '"&B7&"',1);" -> INSERT INTO Station (idStation, nameStation, stationTypeId) VALUES (6, 'Leandro',1);
A13: 12 | B13: Darque | D13: ="INSERT INTO Station (idStation, nameStation, stationTypeId) VALUES ("&A8&", '"&B8&"',1);" -> INSERT INTO Station (idStation, nameStation, stationTypeId) VALUES (7, 'Porto São Bento',1);
A14: 13 | B14: Contumil | D14: ="INSERT INTO Station (idStation, nameStation, stationTypeId) VALUES ("&A9&", '"&B9&"',1);" -> INSERT INTO Station (idStation, nameStation, stationTypeId) VALUES (8, 'Barcelos',1);
A15: 14 | B15: Ermesinde | D15: ="INSERT INTO Station (idStation, nameStation, stationTypeId) VALUES ("&A10&", '"&B10&"',1);" -> INSERT INTO Station (idStation, nameStation, stationTypeId) VALUES (9, 'Vila Nova da Cerveira',1);
A16: 15 | B16: São Frutuoso | D16: ="INSERT INTO Station (idStation, nameStation, stationTypeId) VALUES ("&A11&", '"&B11&"',1);" -> INSERT INTO Station (idStation, nameStation, stationTypeId) VALUES (10, 'Midões',1);
A17: 16 | B17: São Pedro da Torre | D17: ="INSERT INTO Station (idStation, nameStation, stationTypeId) VALUES ("&A12&", '"&B12&"',1);" -> INSERT INTO Station (idStation, nameStation, stationTypeId) VALUES (11, 'Valença',1);
A18: 17 | B18: Viana do Castelo | D18: ="INSERT INTO Station (idStation, nameStation, stationTypeId) VALUES ("&A13&", '"&B13&"',1);" -> INSERT INTO Station (idStation, nameStation, stationTypeId) VALUES (12, 'Darque',1);
... A24: 23 | B24: Carreço | D24: ="INSERT INTO Station (idStation, nameStation, stationTypeId) VALUES ("&A19&", '"&B19&"',1);" -> INSERT INTO Station (idStation, nameStation, stationTypeId) VALUES (18, 'Famalicão',1);
D25: ="INSERT INTO Station (idStation, nameStation, stationTypeId) VALUES ("&A20&", '"&B20&"',1);" -> INSERT INTO Station (idStation, nameStation, stationTypeId) VALUES (19, 'Barroselas',1);
D26: ="INSERT INTO Station (idStation, nameStation, stationTypeId) VALUES ("&A21&", '"&B21&"',1);" -> INSERT INTO Station (idStation, nameStation, stationTypeId) VALUES (20, 'Nine',1);
D27: ="INSERT INTO Station (idStation, nameStation, stationTypeId) VALUES ("&A22&", '"&B22&"',1);" -> INSERT INTO Station (idStation, nameStation, stationTypeId) VALUES (21, 'Caminha',1);
D28: ="INSERT INTO Station (idStation, nameStation, stationTypeId) VALUES ("&A23&", '"&B23&"',1);" -> INSERT INTO Station (idStation, nameStation, stationTypeId) VALUES (22, 'Carvalha',1);
D29: ="INSERT INTO Station (idStation, nameStation, stationTypeId) VALUES ("&A24&", '"&B24&"',1);" -> INSERT INTO Station (idStation, nameStation, stationTypeId) VALUES (23, 'Carreço',1);

Sheet Line
A1: ID | B1: Name | C1: Owner | D1: Start ID | E1: Start | F1: End ID | G1: End | H1: Gauge
A2: 1 | B2: Ramal São Bento - Campanhã | C2: IP | D2: 7 | E2: Porto São Bento | F2: 5 | G2: Porto Campanhã | H2: 1668 | K2: ="INSERT INTO Gauge (idGauge, name, measure) VALUES (1,'Iberian gauge', '"&H3&"');" -> INSERT INTO Gauge (idGauge, name, measure) VALUES (1,'Iberian gauge', '1668');
A3: 2 | B3: Ramal Camapanhã - Nine | C3: IP | D3: 5 | E3: Porto Campanhã | F3: 20 | G3: Nine | H3: 1668 | K3: ="INSERT INTO Gauge (idGauge, name, measure) VALUES (2,'Standard Gauge', '"&'Wagon Model'!N8&"');" -> INSERT INTO Gauge (idGauge, name, measure) VALUES (2,'Standard Gauge', '1435');
A4: 3 | B4: Ramal Nine - Barcelos | C4: IP | D4: 20 | E4: Nine | F4: 8 | G4: Barcelos | H4: 1668
A5: 4 | B5: Ramal Barcelos - Viana | C5: IP | D5: 8 | E5: Barcelos | F5: 17 | G5: Viana do Castelo | H5: 1668 | K5: ="INSERT INTO Line (id, nameLine, ownerId, startStation, endStation, gaugeId) VALUES ("&A2&",'"&B2&"','PT503933813',"&D2&","&F2&",1);" -> INSERT INTO Line (id, nameLine, ownerId, startStation, endStation, gaugeId) VALUES (1,'Ramal São Bento - Campanhã','PT503933813',7,5,1);
A6: 5 | B6: Ramal viana - Caminha | C6: IP | D6: 17 | E6: Viana do Castelo | F6: 21 | G6: Caminha | H6: 1668 | K6: ="INSERT INTO Line (id, nameLine, ownerId, startStation, endStation, gaugeId) VALUES ("&A3&",'"&B3&"','PT503933813',"&D3&","&F3&",1);" -> INSERT INTO Line (id, nameLine, ownerId, startStation, endStation, gaugeId) VALUES (2,'Ramal Camapanhã - Nine','PT503933813',5,20,1);
A7: 6 | B7: Ramal Caminha - Torre | C7: IP | D7: 21 | E7: Caminha | F7: 16 | G7: São Pedro da Torre | H7: 1668 | K7: ="INSERT INTO Line (id, nameLine, ownerId, startStation, endStation, gaugeId) VALUES ("&A4&",'"&B4&"','PT503933813',"&D4&","&F4&",1);" -> INSERT INTO Line (id, nameLine, ownerId, startStation, endStation, gaugeId) VALUES (3,'Ramal Nine - Barcelos','PT503933813',20,8,1);
A8: 7 | B8: Ramal Torre - Valença | C8: IP | D8: 16 | E8: São Pedro da Torre | F8: 11 | G8: Valença | H8: 1668 | K8: ="INSERT INTO Line (id, nameLine, ownerId, startStation, endStation, gaugeId) VALUES ("&A5&",'"&B5&"','PT503933813',"&D5&","&F5&",1);" -> INSERT INTO Line (id, nameLine, ownerId, startStation, endStation, gaugeId) VALUES (4,'Ramal Barcelos - Viana','PT503933813',8,17,1);
K9: ="INSERT INTO Line (id, nameLine, ownerId, startStation, endStation, gaugeId) VALUES ("&A6&",'"&B6&"','PT503933813',"&D6&","&F6&",1);" -> INSERT INTO Line (id, nameLine, ownerId, startStation, endStation, gaugeId) VALUES (5,'Ramal viana - Caminha','PT503933813',17,21,1);
K10: ="INSERT INTO Line (id, nameLine, ownerId, startStation, endStation, gaugeId) VALUES ("&A7&",'"&B7&"','PT503933813',"&D7&","&F7&",1);" -> INSERT INTO Line (id, nameLine, ownerId, startStation, endStation, gaugeId) VALUES (6,'Ramal Caminha - Torre','PT503933813',21,16,1);
K11: ="INSERT INTO Line (id, nameLine, ownerId, startStation, endStation, gaugeId) VALUES ("&A8&",'"&B8&"','PT503933813',"&D8&","&F8&",1);" -> INSERT INTO Line (id, nameLine, ownerId, startStation, endStation, gaugeId) VALUES (7,'Ramal Torre - Valença','PT503933813',16,11,1);

Sheet Segment
A1: ID | B1: Line | C1: Order | D1: Electrified | E1: Max Weight (kg/m) | F1: Length (m) | G1: NumberTracks
A2: 1 | B2: 1 | C2: 1 | D2: Yes | E2: 8000 | F2: 2618 | G2: 4
A3: 10 | B3: 2 | C3: 1 | D3: Yes | E3: 8000 | F3: 29003 | G3: 2
A4: 11 | B4: 2 | C4: 2 | D4: Yes | E4: 8000 | F4: 10000 | G4: 2
A5: 15 | B5: 3 | C5: 1 | D5: Yes | E5: 8000 | F5: 5286 | G5: 2
A6: 16 | B6: 3 | C6: 2 | D6: Yes | E6: 8000 | F6: 6000 | G6: 2 | J6: ="INSERT INTO LineSegmentsType (id, description) VALUES (1,'single track');" -> INSERT INTO LineSegmentsType (id, description) VALUES (1,'single track');
A7: 14 | B7: 4 | C7: 1 | D7: Yes | E7: 8000 | F7: 10387 | G7: 2 | J7: ="INSERT INTO LineSegmentsType (id, description) VALUES (2,'double track');" -> INSERT INTO LineSegmentsType (id, description) VALUES (2,'double track');
A8: 12 | B8: 4 | C8: 2 | D8: Yes | E8: 8000 | F8: 12000 | G8: 2
A9: 13 | B9: 4 | C9: 3 | D9: Yes | E9: 6400 | F9: 8000 | G9: 2
A10: 20 | B10: 5 | C10: 1 | D10: Yes | E10: 8000 | F10: 6000 | G10: 2
A11: 21 | B11: 5 | C11: 2 | D11: Yes | E11: 8000 | F11: 3000 | G11: 2
A12: 22 | B12: 5 | C12: 3 | D12: Yes | E12: 8000 | F12: 15000 | G12: 2
A13: 25 | B13: 6 | C13: 1 | D13: Yes | E13: 8000 | F13: 20829 | G13: 2
A14: 26 | B14: 7 | C14: 1 | D14: Yes | E14: 8000 | F14: 4264 | G14: 2
B17: ="INSERT INTO LineSegment (id, maximumWeigh, lenght, isElectrified, segmantesOrder,lineSegmentsTypeid, lineId) VALUES ("&A2&","&E2&","&F2&",1,"&C2&",2,"&B2&");" -> INSERT INTO LineSegment (id, maximumWeigh, lenght, isElectrified, segmantesOrder,lineSegmentsTypeid, lineId) VALUES (1,8000,2618,1,1,2,1);
B18: ="INSERT INTO LineSegment (id, maximumWeigh, lenght, isElectrified, segmantesOrder,lineSegmentsTypeid, lineId) VALUES ("&A3&","&E3&","&F3&",1,"&C3&",2,"&B3&");" -> INSERT INTO LineSegment (id, maximumWeigh, lenght, isElectrified, segmantesOrder,lineSegmentsTypeid, lineId) VALUES (10,8000,29003,1,1,2,2);
B19: ="INSERT INTO LineSegment (id, maximumWeigh, lenght, isElectrified, segmantesOrder,lineSegmentsTypeid, lineId) VALUES ("&A4&","&E4&","&F4&",1,"&C4&",2,"&B4&");" -> INSERT INTO LineSegment (id, maximumWeigh, lenght, isElectrified, segmantesOrder,lineSegmentsTypeid, lineId) VALUES (11,8000,10000,1,2,2,2);
B20: ="INSERT INTO LineSegment (id, maximumWeigh, lenght, isElectrified, segmantesOrder,lineSegmentsTypeid, lineId) VALUES ("&A5&","&E5&","&F5&",1,"&C5&",2,"&B5&");" -> INSERT INTO LineSegment (id, maximumWeigh, lenght, isElectrified, segmantesOrder,lineSegmentsTypeid, lineId) VALUES (15,8000,5286,1,1,2,3);
B21: ="INSERT INTO LineSegment (id, maximumWeigh, lenght, isElectrified, segmantesOrder,lineSegmentsTypeid, lineId) VALUES ("&A6&","&E6&","&F6&",1,"&C6&",2,"&B6&");" -> INSERT INTO LineSegment (id, maximumWeigh, lenght, isElectrified, segmantesOrder,lineSegmentsTypeid, lineId) VALUES (16,8000,6000,1,2,2,3);
B22: ="INSERT INTO LineSegment (id, maximumWeigh, lenght, isElectrified, segmantesOrder,lineSegmentsTypeid, lineId) VALUES ("&A7&","&E7&","&F7&",1,"&C7&",2,"&B7&");" -> INSERT INTO LineSegment (id, maximumWeigh, lenght, isElectrified, segmantesOrder,lineSegmentsTypeid, lineId) VALUES (14,8000,10387,1,1,2,4);
B23: ="INSERT INTO LineSegment (id, maximumWeigh, lenght, isElectrified, segmantesOrder,lineSegmentsTypeid, lineId) VALUES ("&A8&","&E8&","&F8&",1,"&C8&",2,"&B8&");" -> INSERT INTO LineSegment (id, maximumWeigh, lenght, isElectrified, segmantesOrder,lineSegmentsTypeid, lineId) VALUES (12,8000,12000,1,2,2,4);
B24: ="INSERT INTO LineSegment (id, maximumWeigh, lenght, isElectrified, segmantesOrder,lineSegmentsTypeid, lineId) VALUES ("&A9&","&E9&","&F9&",1,"&C9&",2,"&B9&");" -> INSERT INTO LineSegment (id, maximumWeigh, lenght, isElectrified, segmantesOrder,lineSegmentsTypeid, lineId) VALUES (13,6400,8000,1,3,2,4);
B25: ="INSERT INTO LineSegment (id, maximumWeigh, lenght, isElectrified, segmantesOrder,lineSegmentsTypeid, lineId) VALUES ("&A10&","&E10&","&F10&",1,"&C10&",2,"&B10&");" -> INSERT INTO LineSegment (id, maximumWeigh, lenght, isElectrified, segmantesOrder,lineSegmentsTypeid, lineId) VALUES (20,8000,6000,1,1,2,5);
B26: ="INSERT INTO LineSegment (id, maximumWeigh, lenght, isElectrified, segmantesOrder,lineSegmentsTypeid, lineId) VALUES ("&A11&","&E11&","&F11&",1,"&C11&",2,"&B11&");" -> INSERT INTO LineSegment (id, maximumWeigh, lenght, isElectrified, segmantesOrder,lineSegmentsTypeid, lineId) VALUES (21,8000,3000,1,2,2,5);
B27: ="INSERT INTO LineSegment (id, maximumWeigh, lenght, isElectrified, segmantesOrder,lineSegmentsTypeid, lineId) VALUES ("&A12&","&E12&","&F12&",1,"&C12&",2,"&B12&");" -> INSERT INTO LineSegment (id, maximumWeigh, lenght, isElectrified, segmantesOrder,lineSegmentsTypeid, lineId) VALUES (22,8000,15000,1,3,2,5);
B28: ="INSERT INTO LineSegment (id, maximumWeigh, lenght, isElectrified, segmantesOrder,lineSegmentsTypeid, lineId) VALUES ("&A13&","&E13&","&F13&",1,"&C13&",2,"&B13&");" -> INSERT INTO LineSegment (id, maximumWeigh, lenght, isElectrified, segmantesOrder,lineSegmentsTypeid, lineId) VALUES (25,8000,20829,1,1,2,6);
B29: ="INSERT INTO LineSegment (id, maximumWeigh, lenght, isElectrified, segmantesOrder,lineSegmentsTypeid, lineId) VALUES ("&A14&","&E14&","&F14&",1,"&C14&",2,"&B14&");" -> INSERT INTO LineSegment (id, maximumWeigh, lenght, isElectrified, segmantesOrder,lineSegmentsTypeid, lineId) VALUES (26,8000,4264,1,1,2,7);

Sheet Owner
A1: Name | B1: Short name | C1: VATNumber
A2: Infraestruturas de Portugal, SA | B2: IP | C2: PT503933813

Sheet Operator
A1: Name | B1: Short name | C1: VATNumber
A2: Medway - Operador Ferroviário de Mercadorias, S.A | B2: Medway | C2: PT509017800
B5: ="INSERT INTO Operator (vatNumber, name, shortName) VALUES ('"&C2&"', '"&A2&"','"&B2&"');" -> INSERT INTO Operator (vatNumber, name, shortName) VALUES ('PT509017800', 'Medway - Operador Ferroviário de Mercadorias, S.A','Medway');
B6: ="INSERT INTO Operator (vatNumber, name, shortName) VALUES ('"&Owner!C2&"', '"&Owner!A2&"','"&Owner!B2&"');" -> INSERT INTO Operator (vatNumber, name, shortName) VALUES ('PT503933813', 'Infraestruturas de Portugal, SA','IP');

Sheet Locomotive
A1: Number | B1: Name | C1: Make | D1: Model | E1: Service | F1: Number Bogies | G1: Bogies | H1: Power | I1: Length | J1: Width | K1: Height | L1: Weight (t) | M1: Max Speed | N1: Operational Speed | O1: Traction (KN) | P1: Type | Q1: Voltage (KV) | R1: Frequency | S1: Operator | T1: Bitola | U1: Combustível (l)
A2: 5621 | B2: Inês | C2: Siemens | D2: Eurosprinter | E2: 1995 | F2: 2 | G2: Bo-Bo | H2: 5600 | I2: 19.2 | J2: 3 | K2: 4.375 | L2: 87 | M2: 220 | N2: 70 | O2: 300 | P2: Electric | Q2: 25 | R2: 50 | S2: Medway | T2: 1668
A3: 5623 | B3: Paz | C3: Siemens | D3: Eurosprinter | E3: 1995 | F3: 2 | G3: Bo-Bo | H3: 5600 | I3: 19.3 | J3: 3 | K3: 4.376 | L3: 87 | M3: 220 | N3: 70 | O3: 300 | P3: Electric | Q3: 25 | R3: 50 | S3: Medway | T3: 1668
A4: 5630 | B4: Helena | C4: Siemens | D4: Eurosprinter | E4: 1996 | F4: 2 | G4: Bo-Bo | H4: 5600 | I4: 19.4 | J4: 3 | K4: 4.377 | L4: 87 | M4: 220 | N4: 70 | O4: 300 | P4: Electric | Q4: 25 | R4: 50 | S4: Medway | T4: 1668
A5: 1903 | B5: Eva | C5: Sorefame - Alsthom | D5: CP 1900 | E5: 1981 | F5: 2 | G5: Co-Co | H5: 1623 | I5: 19.084 | J5: 3.062 | K5: 4.31 | L5: 117 | M5: 100 | N5: 42.5 | O5: 396 | P5: Diesel | S5: Medway | T5: 1668 | U5: 4882
C8: ="INSERT INTO Bogies (id, nameBogie) VALUES (1, '"&G4&"');" -> INSERT INTO Bogies (id, nameBogie) VALUES (1, 'Bo-Bo');
C9: ="INSERT INTO Bogies (id, nameBogie) VALUES (2, '"&G5&"');" -> INSERT INTO Bogies (id, nameBogie) VALUES (2, 'Co-Co');
C10: ="INSERT INTO Bogies (id, nameBogie) VALUES (3, '"&'Wagon Model'!E6&"');" -> INSERT INTO Bogies (id, nameBogie) VALUES (3, 'Simples');
C11: ="INSERT INTO Bogies (id, nameBogie) VALUES (4, '"&'Wagon Model'!E7&"');" -> INSERT INTO Bogies (id, nameBogie) VALUES (4, 'Duplo');
C13: ="INSERT INTO LocomotiveFuelType (id, description) VALUES (1, '"&P4&"');" -> INSERT INTO LocomotiveFuelType (id, description) VALUES (1, 'Electric');
C14: ="INSERT INTO LocomotiveFuelType (id, description) VALUES (2, '"&P5&"');" -> INSERT INTO LocomotiveFuelType (id, description) VALUES (2, 'Diesel');
C16: ="INSERT INTO Electric (id, voltage, frequency, locomotiveFuelType) VALUES (1, "&Q2&","&R2&",1);" -> INSERT INTO Electric (id, voltage, frequency, locomotiveFuelType) VALUES (1, 25,50,1);
C17: ="INSERT INTO Diesel (id, combustivelCapacity, locomotiveFuelType) VALUES (1, "&U5&",2);" -> INSERT INTO Diesel (id, combustivelCapacity, locomotiveFuelType) VALUES (1, 4882,2);
C19: ="INSERT INTO LocomotiveModel (id, make, modelName, power, maxSpeed, weight, length, width, height, traction, locomotiveFuelTypeId, bogiesId, gaugeId) VALUES (1,'"&C2&"','"&D2&"',"&H2&","&M2&","&L2&","&I2&","&J2&","&K2&","&O2&",1,1,1);" -> INSERT INTO LocomotiveModel (id, make, modelName, power, maxSpeed, weight, length, width, height, traction, locomotiveFuelTypeId, bogiesId, gaugeId) VALUES (1,'Siemens','Eurosprinter',5600,220,87,19.2,3,4.375,300,1,1,1);
C20: ="INSERT INTO LocomotiveModel (id, make, modelName, power, maxSpeed, weight, length, width, height, traction, locomotiveFuelTypeId, bogiesId, gaugeId) VALUES (2,'"&C5&"','"&D5&"',"&H5&","&M5&","&L5&","&I5&","&J5&","&K5&","&O5&",2,2,1);" -> INSERT INTO LocomotiveModel (id, make, modelName, power, maxSpeed, weight, length, width, height, traction, locomotiveFuelTypeId, bogiesId, gaugeId) VALUES (2,'Sorefame - Alsthom','CP 1900',1623,100,117,19.084,3.062,4.31,396,2,2,1);
C24: ="INSERT INTO Locomotive (numberLocomotive, name, yearOfEntry, operationalSpeed, model, operator) VALUES ("&Locomotive!A2&",'"&B2&"',"&E2&","&N2&",1,'PT509017800');" -> INSERT INTO Locomotive (numberLocomotive, name, yearOfEntry, operationalSpeed, model, operator) VALUES (5621,'Inês',1995,70,1,'PT509017800');
C25: ="INSERT INTO Locomotive (numberLocomotive, name, yearOfEntry, operationalSpeed, model, operator) VALUES ("&Locomotive!A3&",'"&B3&"',"&E3&","&N3&",1,'PT509017800');" -> INSERT INTO Locomotive (numberLocomotive, name, yearOfEntry, operationalSpeed, model, operator) VALUES (5623,'Paz',1995,70,1,'PT509017800');
C26: ="INSERT INTO Locomotive (numberLocomotive, name, yearOfEntry, operationalSpeed, model, operator) VALUES ("&Locomotive!A4&",'"&B4&"',"&E4&","&N4&",1,'PT509017800');" -> INSERT INTO Locomotive (numberLocomotive, name, yearOfEntry, operationalSpeed, model, operator) VALUES (5630,'Helena',1996,70,1,'PT509017800');
C27: ="INSERT INTO Locomotive (numberLocomotive, name, yearOfEntry, operationalSpeed, model, operator) VALUES ("&Locomotive!A5&",'"&B5&"',"&E5&","&N5&",2,'PT509017800');" -> INSERT INTO Locomotive (numberLocomotive, name, yearOfEntry, operationalSpeed, model, operator) VALUES (1903,'Eva',1981,42.5,2,'PT509017800');

Sheet Wagon Model
A1: ID | B1: Model | C1: Maker | D1: Number Bogies | E1: Bogies | F1: Length | G1: Width | H1: Height | I1: Weight (t) | J1: Max Speed | K1: Payload (t) | L1: Volume (m3) | M1: Type | N1: Bitola
A2: 1245 | B2: Tadgs 32 94 082 3 | C2: Metalsines | D2: 2 | E2: Duplo | F2: 17240 | G2: 3072 | H2: 4270 | I2: 24 | J2: 120 | K2: 56 | L2: 75 | M2: Cereal wagon | N2: 1668
A3: 1278 | B3: Tdgs 41 94 074 1 | C3: Equimetal | D3: 2 | E3: Duplo | F3: 9640 | G3: 3120 | H3: 4165.5 | I3: 13.8 | J3: 100 | K3: 26.2 | L3: 38 | M3: Cereal wagon | N3: 1668
A4: 1325 | B4: Gabs 81 94 181 1 | C4: Sepsa Cometna | D4: 2 | E4: Duplo | F4: 21700 | G4: 3180 | H4: 4170 | I4: 29.8 | J4: 100 | K4: 50.2 | L4: 110 | M4: Covered wagon with sliding door | N4: 1668
A5: 1104 | B5: Regmms 32 94 356 3 | C5: Metalsines | D5: 2 | E5: Duplo | F5: 14040 | G5: 3104 | H5: 2535 | I5: 21.2 | J5: 120 | K5: 60.6 | L5: 76.3 | M5: Container wagon (max 40'' HC) | N5: 1668
A6: 985 | B6: Lgs 22 94 441 6 | C6: Metalsines | D6: 1 | E6: Simples | F6: 13860 | G6: 2850 | H6: 1060 | I6: 11.9 | J6: 120 | K6: 28.1 | L6: 76.3 | M6: Container wagon (max 40'' HC) | N6: 1668
A7: 987 | B7: Sgnss 12 94 455 2 | C7: Emef | D7: 2 | E7: Duplo | F7: 18116 | G7: 2950 | H7: 1030 | I7: 21.6 | J7: 120 | K7: 68.4 | L7: 76.3 | M7: Container wagon (max 40'' HC) | N7: 1668
A8: 988 | B8: Sgnss 12 94 455 2 | C8: Emef | D8: 2 | E8: Duplo | F8: 18116 | G8: 2950 | H8: 1030 | I8: 21.6 | J8: 120 | K8: 68.4 | L8: 76.3 | M8: Container wagon (max 40'' HC) | N8: 1435
L9: 76.3
B10: ="INSERT INTO WagonsType (id, description) VALUES (1,'"&M3&"');" -> INSERT INTO WagonsType (id, description) VALUES (1,'Cereal wagon');
B11: ="INSERT INTO WagonsType (id, description) VALUES (2,'"&M4&"');" -> INSERT INTO WagonsType (id, description) VALUES (2,'Covered wagon with sliding door');
B13: ="INSERT INTO WagonModel (id, nameModel, maker, length, width, height, maxSpeed, payload, volume, bogiesId, wagonsTypeId, gaugeId) VALUES ("&A2&",'"&B2&"','"&C2&"',"&F2&","&G2&","&H2&","&J2&","&K2&","&L2&",4,1,1);" -> INSERT INTO WagonModel (id, nameModel, maker, length, width, height, maxSpeed, payload, volume, bogiesId, wagonsTypeId, gaugeId) VALUES (1245,'Tadgs 32 94 082 3','Metalsines',17240,3072,4270,120,56,75,4,1,1);
B14: ="INSERT INTO WagonModel (id, nameModel, maker, length, width, height, maxSpeed, payload, volume, bogiesId, wagonsTypeId, gaugeId) VALUES ("&A3&",'"&B3&"','"&C3&"',"&F3&","&G3&","&H3&","&J3&","&K3&","&L3&",4,1,1);" -> INSERT INTO WagonModel (id, nameModel, maker, length, width, height, maxSpeed, payload, volume, bogiesId, wagonsTypeId, gaugeId) VALUES (1278,'Tdgs 41 94 074 1','Equimetal',9640,3120,4165.5,100,26.2,38,4,1,1);
B15: ="INSERT INTO WagonModel (id, nameModel, maker, length, width, height, maxSpeed, payload, volume, bogiesId, wagonsTypeId, gaugeId) VALUES ("&A4&",'"&B4&"','"&C4&"',"&F4&","&G4&","&H4&","&J4&","&K4&","&L4&",4,2,1);" -> INSERT INTO WagonModel (id, nameModel, maker, length, width, height, maxSpeed, payload, volume, bogiesId, wagonsTypeId, gaugeId) VALUES (1325,'Gabs 81 94 181 1','Sepsa Cometna',21700,3180,4170,100,50.2,110,4,2,1);
B16: ="INSERT INTO WagonModel (id, nameModel, maker, length, width, height, maxSpeed, payload, volume, bogiesId, wagonsTypeId, gaugeId) VALUES ("&A5&",'"&B5&"','"&C5&"',"&F5&","&G5&","&H5&","&J5&","&K5&","&L5&",4,2,1);" -> INSERT INTO WagonModel (id, nameModel, maker, length, width, height, maxSpeed, payload, volume, bogiesId, wagonsTypeId, gaugeId) VALUES (1104,'Regmms 32 94 356 3','Metalsines',14040,3104,2535,120,60.6,76.3,4,2,1);
B17: ="INSERT INTO WagonModel (id, nameModel, maker, length, width, height, maxSpeed, payload, volume, bogiesId, wagonsTypeId, gaugeId) VALUES ("&A6&",'"&B6&"','"&C6&"',"&F6&","&G6&","&H6&","&J6&","&K6&","&L6&",3,2,1);" -> INSERT INTO WagonModel (id, nameModel, maker, length, width, height, maxSpeed, payload, volume, bogiesId, wagonsTypeId, gaugeId) VALUES (985,'Lgs 22 94 441 6','Metalsines',13860,2850,1060,120,28.1,76.3,3,2,1);
B18: ="INSERT INTO WagonModel (id, nameModel, maker, length, width, height, maxSpeed, payload, volume, bogiesId, wagonsTypeId, gaugeId) VALUES ("&A7&",'"&B7&"','"&C7&"',"&F7&","&G7&","&H7&","&J7&","&K7&","&L7&",4,2,1);" -> INSERT INTO WagonModel (id, nameModel, maker, length, width, height, maxSpeed, payload, volume, bogiesId, wagonsTypeId, gaugeId) VALUES (987,'Sgnss 12 94 455 2','Emef',18116,2950,1030,120,68.4,76.3,4,2,1);
B19: ="INSERT INTO WagonModel (id, nameModel, maker, length, width, height, maxSpeed, payload, volume, bogiesId, wagonsTypeId, gaugeId) VALUES ("&A8&",'"&B8&"','"&C8&"',"&F8&","&G8&","&H8&","&J8&","&K8&","&L8&",4,2,2);" -> INSERT INTO WagonModel (id, nameModel, maker, length, width, height, maxSpeed, payload, volume, bogiesId, wagonsTypeId, gaugeId) VALUES (988,'Sgnss 12 94 455 2','Emef',18116,2950,1030,120,68.4,76.3,4,2,2);

Sheet Wagon
A1: Number | B1: Model | C1: Operator | D1: Service Year
A2: 3563077 | B2: Regmms 32 94 356 3 | C2: Medway | D2: 1987 | G2: ="INSERT INTO Wagon (numberWagon, weight, yearOfEntry, wagonModelId, operator) VALUES ("&A2&", 21.2,"&D2&",1104,'PT509017800');" -> INSERT INTO Wagon (numberWagon, weight, yearOfEntry, wagonModelId, operator) VALUES (3563077, 21.2,1987,1104,'PT509017800');
A3: 3563078 | B3: Regmms 32 94 356 3 | C3: Medway | D3: 1987 | G3: ="INSERT INTO Wagon (numberWagon, weight, yearOfEntry, wagonModelId, operator) VALUES ("&A3&", 21.2,"&D3&",1104,'PT509017800');" -> INSERT INTO Wagon (numberWagon, weight, yearOfEntry, wagonModelId, operator) VALUES (3563078, 21.2,1987,1104,'PT509017800');
A4: 3563079 | B4: Regmms 32 94 356 3 | C4: Medway | D4: 1987 | G4: ="INSERT INTO Wagon (numberWagon, weight, yearOfEntry, wagonModelId, operator) VALUES ("&A4&", 21.2,"&D4&",1104,'PT509017800');" -> INSERT INTO Wagon (numberWagon, weight, yearOfEntry, wagonModelId, operator) VALUES (3563079, 21.2,1987,1104,'PT509017800');
A5: 3563080 | B5: Regmms 32 94 356 3 | C5: Medway | D5: 1987 | G5: ="INSERT INTO Wagon (numberWagon, weight, yearOfEntry, wagonModelId, operator) VALUES ("&A5&", 21.2,"&D5&",1104,'PT509017800');" -> INSERT INTO Wagon (numberWagon, weight, yearOfEntry, wagonModelId, operator) VALUES (3563080, 21.2,1987,1104,'PT509017800');
A6: 3563081 | B6: Regmms 32 94 356 3 | C6: Medway | D6: 1987 | G6: ="INSERT INTO Wagon (numberWagon, weight, yearOfEntry, wagonModelId, operator) VALUES ("&A6&", 21.2,"&D6&",1104,'PT509017800');" -> INSERT INTO Wagon (numberWagon, weight, yearOfEntry, wagonModelId, operator) VALUES (3563081, 21.2,1987,1104,'PT509017800');
A7: 3563082 | B7: Regmms 32 94 356 3 | C7: Medway | D7: 1987 | G7: ="INSERT INTO Wagon (numberWagon, weight, yearOfEntry, wagonModelId, operator) VALUES ("&A7&", 21.2,"&D7&",1104,'PT509017800');" -> INSERT INTO Wagon (numberWagon, weight, yearOfEntry, wagonModelId, operator) VALUES (3563082, 21.2,1987,1104,'PT509017800');
A8: 3563083 | B8: Regmms 32 94 356 3 | C8: Medway | D8: 1987 | G8: ="INSERT INTO Wagon (numberWagon, weight, yearOfEntry, wagonModelId, operator) VALUES ("&A8&", 21.2,"&D8&",1104,'PT509017800');" -> INSERT INTO Wagon (numberWagon, weight, yearOfEntry, wagonModelId, operator) VALUES (3563083, 21.2,1987,1104,'PT509017800');
A9: 3563084 | B9: Regmms 32 94 356 3 | C9: Medway | D9: 1987 | G9: ="INSERT INTO Wagon (numberWagon, weight, yearOfEntry, wagonModelId, operator) VALUES ("&A9&", 21.2,"&D9&",1104,'PT509017800');" -> INSERT INTO Wagon (numberWagon, weight, yearOfEntry, wagonModelId, operator) VALUES (3563084, 21.2,1987,1104,'PT509017800');
A10: 3563085 | B10: Regmms 32 94 356 3 | C10: Medway | D10: 1987 | G10: ="INSERT INTO Wagon (numberWagon, weight, yearOfEntry, wagonModelId, operator) VALUES ("&A10&", 21.2,"&D10&",1104,'PT509017800');" -> INSERT INTO Wagon (numberWagon, weight, yearOfEntry, wagonModelId, operator) VALUES (3563085, 21.2,1987,1104,'PT509017800');
A11: 3563086 | B11: Regmms 32 94 356 3 | C11: Medway | D11: 1987 | G11: ="INSERT INTO Wagon (numberWagon, weight, yearOfEntry, wagonModelId, operator) VALUES ("&A11&", 21.2,"&D11&",1104,'PT509017800');" -> INSERT INTO Wagon (numberWagon, weight, yearOfEntry, wagonModelId, operator) VALUES (3563086, 21.2,1987,1104,'PT509017800');
A12: 3563087 | B12: Regmms 32 94 356 3 | C12: Medway | D12: 1987 | G12: ="INSERT INTO Wagon (numberWagon, weight, yearOfEntry, wagonModelId, operator) VALUES ("&A12&", 21.2,"&D12&",1104,'PT509017800');" -> INSERT INTO Wagon (numberWagon, weight, yearOfEntry, wagonModelId, operator) VALUES (3563087, 21.2,1987,1104,'PT509017800');
A13: 3563088 | B13: Regmms 32 94 356 3 | C13: Medway | D13: 1987 | G13: ="INSERT INTO Wagon (numberWagon, weight, yearOfEntry, wagonModelId, operator) VALUES ("&A13&", 21.2,"&D13&",1104,'PT509017800');" -> INSERT INTO Wagon (numberWagon, weight, yearOfEntry, wagonModelId, operator) VALUES (3563088, 21.2,1987,1104,'PT509017800');
... A17: 3563092 | B17: Regmms 32 94 356 3 | C17: Medway | D17: 1987 | G17: ="INSERT INTO Wagon (numberWagon, weight, yearOfEntry, wagonModelId, operator) VALUES ("&A17&", 21.2,"&D17&",1104,'PT509017800');" -> INSERT INTO Wagon (numberWagon, weight, yearOfEntry, wagonModelId, operator) VALUES (3563092, 21.2,1987,1104,'PT509017800');
A18: 823045 | B18: Tadgs 32 94 082 3 | C18: Medway | D18: 1990 | G18: ="INSERT INTO Wagon (numberWagon, weight, yearOfEntry, wagonModelId, operator) VALUES ("&A18&",24,"&D18&",1245,'PT509017800');" -> INSERT INTO Wagon (numberWagon, weight, yearOfEntry, wagonModelId, operator) VALUES (823045,24,1990,1245,'PT509017800');
A19: 823046 | B19: Tadgs 32 94 082 3 | C19: Medway | D19: 1990 | G19: ="INSERT INTO Wagon (numberWagon, weight, yearOfEntry, wagonModelId, operator) VALUES ("&A19&",24,"&D19&",1245,'PT509017800');" -> INSERT INTO Wagon (numberWagon, weight, yearOfEntry, wagonModelId, operator) VALUES (823046,24,1990,1245,'PT509017800');
A20: 823047 | B20: Tadgs 32 94 082 3 | C20: Medway | D20: 1990 | G20: ="INSERT INTO Wagon (numberWagon, weight, yearOfEntry, wagonModelId, operator) VALUES ("&A20&",24,"&D20&",1245,'PT509017800');" -> INSERT INTO Wagon (numberWagon, weight, yearOfEntry, wagonModelId, operator) VALUES (823047,24,1990,1245,'PT509017800');
A21: 823048 | B21: Tadgs 32 94 082 3 | C21: Medway | D21: 1990 | G21: ="INSERT INTO Wagon (numberWagon, weight, yearOfEntry, wagonModelId, operator) VALUES ("&A21&",24,"&D21&",1245,'PT509017800');" -> INSERT INTO Wagon (numberWagon, weight, yearOfEntry, wagonModelId, operator) VALUES (823048,24,1990,1245,'PT509017800');
A22: 741001 | B22: Tdgs 41 94 074 1 | C22: Medway | D22: 1977 | G22: ="INSERT INTO Wagon (numberWagon, weight, yearOfEntry, wagonModelId, operator) VALUES ("&A22&",13.8,"&D22&",1278,'PT509017800');" -> INSERT INTO Wagon (numberWagon, weight, yearOfEntry, wagonModelId, operator) VALUES (741001,13.8,1977,1278,'PT509017800');
A23: 741002 | B23: Tdgs 41 94 074 1 | C23: Medway | D23: 1977 | G23: ="INSERT INTO Wagon (numberWagon, weight, yearOfEntry, wagonModelId, operator) VALUES ("&A23&",13.8,"&D23&",1278,'PT509017800');" -> INSERT INTO Wagon (numberWagon, weight, yearOfEntry, wagonModelId, operator) VALUES (741002,13.8,1977,1278,'PT509017800');
A24: 741003 | B24: Tdgs 41 94 074 1 | C24: Medway | D24: 1977 | G24: ="INSERT INTO Wagon (numberWagon, weight, yearOfEntry, wagonModelId, operator) VALUES ("&A24&",13.8,"&D24&",1278,'PT509017800');" -> INSERT INTO Wagon (numberWagon, weight, yearOfEntry, wagonModelId, operator) VALUES (741003,13.8,1977,1278,'PT509017800');
A25: 741004 | B25: Tdgs 41 94 074 1 | C25: Medway | D25: 1977 | G25: ="INSERT INTO Wagon (numberWagon, weight, yearOfEntry, wagonModelId, operator) VALUES ("&A25&",13.8,"&D25&",1278,'PT509017800');" -> INSERT INTO Wagon (numberWagon, weight, yearOfEntry, wagonModelId, operator) VALUES (741004,13.8,1977,1278,'PT509017800');
A26: 741005 | B26: Tdgs 41 94 074 1 | C26: Medway | D26: 1977 | G26: ="INSERT INTO Wagon (numberWagon, weight, yearOfEntry, wagonModelId, operator) VALUES ("&A26&",13.8,"&D26&",1278,'PT509017800');" -> INSERT INTO Wagon (numberWagon, weight, yearOfEntry, wagonModelId, operator) VALUES (741005,13.8,1977,1278,'PT509017800');
A27: 741006 | B27: Tdgs 41 94 074 1 | C27: Medway | D27: 1977 | G27: ="INSERT INTO Wagon (numberWagon, weight, yearOfEntry, wagonModelId, operator) VALUES ("&A27&",13.8,"&D27&",1278,'PT509017800');" -> INSERT INTO Wagon (numberWagon, weight, yearOfEntry, wagonModelId, operator) VALUES (741006,13.8,1977,1278,'PT509017800');
A28: 1811010 | B28: Gabs 81 94 181 1 | C28: Medway | D28: 1977 | G28: ="INSERT INTO Wagon (numberWagon, weight, yearOfEntry, wagonModelId, operator) VALUES ("&A28&",29.8 ,"&D28&",1325,'PT509017800');" -> INSERT INTO Wagon (numberWagon, weight, yearOfEntry, wagonModelId, operator) VALUES (1811010,29.8 ,1977,1325,'PT509017800');
A29: 1811011 | B29: Gabs 81 94 181 1 | C29: Medway | D29: 1977 | G29: ="INSERT INTO Wagon (numberWagon, weight, yearOfEntry, wagonModelId, operator) VALUES ("&A29&",29.8 ,"&D29&",1325,'PT509017800');" -> INSERT INTO Wagon (numberWagon, weight, yearOfEntry, wagonModelId, operator) VALUES (1811011,29.8 ,1977,1325,'PT509017800');
A30: 1811012 | B30: Gabs 81 94 181 1 | C30: Medway | D30: 1977 | G30: ="INSERT INTO Wagon (numberWagon, weight, yearOfEntry, wagonModelId, operator) VALUES ("&A30&",29.8 ,"&D30&",1325,'PT509017800');" -> INSERT INTO Wagon (numberWagon, weight, yearOfEntry, wagonModelId, operator) VALUES (1811012,29.8 ,1977,1325,'PT509017800');
A31: 1811013 | B31: Gabs 81 94 181 1 | C31: Medway | D31: 1977 | G31: ="INSERT INTO Wagon (numberWagon, weight, yearOfEntry, wagonModelId, operator) VALUES ("&A31&",29.8 ,"&D31&",1325,'PT509017800');" -> INSERT INTO Wagon (numberWagon, weight, yearOfEntry, wagonModelId, operator) VALUES (1811013,29.8 ,1977,1325,'PT509017800');
A32: 1811014 | B32: Gabs 81 94 181 1 | C32: Medway | D32: 1977 | G32: ="INSERT INTO Wagon (numberWagon, weight, yearOfEntry, wagonModelId, operator) VALUES ("&A32&",29.8 ,"&D32&",1325,'PT509017800');" -> INSERT INTO Wagon (numberWagon, weight, yearOfEntry, wagonModelId, operator) VALUES (1811014,29.8 ,1977,1325,'PT509017800');
